subject,word,affricate,rhyme,context,repetition,VOT,intensity,F1,clo_voi,aff_voi
cs,chain,tS,ain,stop,2,0.084,78.81,409.5,none,none
cs,chain,tS,ain,vowel,2,0.095,74.67,430.2,none,none
cs,chain,tS,ain,stop,1,0.1053,78.2,419,none,none
cs,chain,tS,ain,vowel,1,0.1125,77.2,402,none,none
cs,char,tS,ar,stop,1,0.0778,77.3,493,none,none
cs,char,tS,ar,vowel,2,0.096,76.24,519.7,none,none
cs,char,tS,ar,vowel,1,0.1047,78.8,631,none,part
cs,char,tS,ar,stop,2,0.149,75.92,515.6,none,none
cs,cheer,tS,eer,stop,1,0.0871,81.8,352,none,none
cs,cheer,tS,eer,stop,2,0.107,76.07,328.7,none,none
cs,cheer,tS,eer,vowel,2,0.116,76.95,126.8,none,none
cs,cheer,tS,eer,vowel,1,0.1181,80.1,336,none,none
cs,chest,tS,est,stop,2,0.073,78.39,480.2,none,none
cs,chest,tS,est,vowel,1,0.0856,76.1,478,none,none
cs,chest,tS,est,stop,1,0.0896,78.4,488,none,none
cs,chest,tS,est,vowel,2,0.11,77.81,485.9,none,none
cs,chin,tS,in,stop,1,0.068,79,481,none,none
cs,chin,tS,in,vowel,1,0.088,79.7,507,none,part
cs,chin,tS,in,vowel,2,0.089,78.87,303.9,none,none
cs,chin,tS,in,stop,2,0.122,76.54,240.2,none,none
cs,choke,tS,oke,vowel,2,0.077,75.64,281.8,none,none
cs,choke,tS,oke,stop,1,0.0786,78.5,440,none,none
cs,choke,tS,oke,vowel,1,0.0794,76.2,422,none,none
cs,choke,tS,oke,stop,2,0.086,76.82,491.4,none,none
cs,chunk,tS,unk,stop,1,0.0631,79,510,none,none
cs,chunk,tS,unk,vowel,1,0.0877,79,559,none,none
cs,chunk,tS,unk,vowel,2,0.102,79.91,229.5,none,none
cs,chunk,tS,unk,stop,2,0.104,75.75,493.4,none,none
cs,gin,dZ,in,vowel,2,0.038,74.12,360.3,full,part
cs,gin,dZ,in,vowel,1,0.0443,75.5,398,full,part
cs,gin,dZ,in,stop,2,0.05,73.81,383.9,none,part
cs,gin,dZ,in,stop,1,0.0674,74.5,406,full,part
cs,jane,dZ,ain,stop,1,0.0484,76.5,384,part,part
cs,jane,dZ,ain,vowel,1,0.0508,73.1,365,full,part
cs,jane,dZ,ain,stop,2,0.059,74.81,333.9,none,none
cs,jane,dZ,ain,vowel,2,0.06,74.04,318,full,none
cs,jar,dZ,ar,stop,1,0.0317,72.3,386,full,part
cs,jar,dZ,ar,stop,2,0.037,72.16,407.6,none,part
cs,jar,dZ,ar,vowel,2,0.043,73.57,421.3,full,full
cs,jar,dZ,ar,vowel,1,0.0488,73.3,388,full,part
cs,jeer,dZ,eer,stop,2,0.048,72.44,188.5,full,full
cs,jeer,dZ,eer,stop,1,0.0521,73.7,331,full,part
cs,jeer,dZ,eer,vowel,2,0.06,75.91,295.9,full,full
cs,jeer,dZ,eer,vowel,1,0.074,74.2,317,full,part
cs,jest,dZ,est,stop,2,0.037,73.41,357.5,part,none
cs,jest,dZ,est,stop,1,0.0531,68.5,308,full,part
cs,jest,dZ,est,vowel,2,0.055,73.54,343.4,full,part
cs,jest,dZ,est,vowel,1,0.0577,74.8,388,full,part
cs,joke,dZ,oke,stop,2,0.042,71.53,294.8,part,none
cs,joke,dZ,oke,vowel,2,0.047,73.59,154.6,full,part
cs,joke,dZ,oke,vowel,1,0.0488,74.6,367,full,part
cs,joke,dZ,oke,stop,1,0.1228,60.7,344,full,full
cs,junk,dZ,unk,stop,1,0.0373,72.2,402,full,part
cs,junk,dZ,unk,stop,2,0.041,74.01,427.4,none,none
cs,junk,dZ,unk,vowel,1,0.0413,72.8,429,full,part
cs,junk,dZ,unk,vowel,2,0.048,72.23,539.6,full,part
er,chain,tS,ain,stop,1,0.09,63.6,414,none,none
er,chain,tS,ain,vowel,1,0.11,68.4,383,none,none
er,chain,tS,ain,stop,2,0.12,67.7,414,none,none
er,chain,tS,ain,vowel,2,0.13,68.6,393,none,none
er,char,tS,ar,stop,2,0.1,68.6,434,none,none
er,char,tS,ar,stop,1,0.12,66.7,476,none,none
er,char,tS,ar,vowel,2,0.13,67.3,434,none,none
er,char,tS,ar,vowel,1,0.14,70.1,435,none,none
er,cheer,tS,eer,vowel,1,0.12,67.8,357,none,none
er,cheer,tS,eer,stop,2,0.12,67.8,311,none,none
er,cheer,tS,eer,stop,1,0.13,64.7,331,none,none
er,cheer,tS,eer,vowel,2,0.14,67.4,331,none,none
er,chest,tS,est,stop,2,0.11,64.2,455,none,none
er,chest,tS,est,stop,1,0.12,66.5,496,none,none
er,chest,tS,est,vowel,1,0.13,69,461,none,none
er,chest,tS,est,vowel,2,0.13,66.8,476,none,none
er,chin,tS,in,stop,1,0.11,67.3,434,none,none
er,chin,tS,in,vowel,2,0.13,69.7,455,none,none
er,chin,tS,in,vowel,1,0.14,69.3,461,none,none
er,chin,tS,in,stop,2,0.15,69,393,none,none
er,choke,tS,oke,stop,1,0.1,67.1,434,none,none
er,choke,tS,oke,stop,2,0.1,67.4,434,none,none
er,choke,tS,oke,vowel,2,0.11,65.9,414,none,none
er,choke,tS,oke,vowel,1,0.15,67.9,409,none,none
er,chunk,tS,unk,stop,1,0.09,62.5,414,none,none
er,chunk,tS,unk,vowel,1,0.11,72.1,435,none,none
er,chunk,tS,unk,stop,2,0.12,66.2,393,none,none
er,chunk,tS,unk,vowel,2,0.13,68.2,455,none,none
er,gin,dZ,in,vowel,1,0.05,66.8,357,part,full
er,gin,dZ,in,vowel,2,0.06,64.7,331,full,full
er,gin,dZ,in,stop,1,0.06,65.9,311,full,full
er,gin,dZ,in,stop,2,0.09,66.5,331,full,full
er,jane,dZ,ain,stop,2,0.05,64.2,352,full,full
er,jane,dZ,ain,stop,1,0.06,68.1,352,part,none
er,jane,dZ,ain,vowel,1,0.07,66.3,357,full,full
er,jane,dZ,ain,vowel,2,0.07,64.5,352,full,full
er,jar,dZ,ar,stop,1,0.04,61.9,393,part,none
er,jar,dZ,ar,stop,2,0.04,64,393,part,part
er,jar,dZ,ar,vowel,1,0.05,65.5,331,full,full
er,jar,dZ,ar,vowel,2,0.07,65.7,331,full,full
er,jeer,dZ,eer,vowel,2,0.06,64.1,311,full,full
er,jeer,dZ,eer,stop,2,0.06,67.9,311,full,full
er,jeer,dZ,eer,vowel,1,0.08,68,305,full,full
er,jeer,dZ,eer,stop,1,0.09,64.8,311,full,full
er,jest,dZ,est,stop,1,0.05,64.7,372,part,full
er,jest,dZ,est,stop,2,0.05,64.2,393,none,none
er,jest,dZ,est,vowel,1,0.07,66.9,435,part,full
er,jest,dZ,est,vowel,2,0.09,62.3,372,part,none
er,joke,dZ,oke,vowel,1,0.05,66.5,305,full,full
er,joke,dZ,oke,stop,1,0.05,62.1,372,none,none
er,joke,dZ,oke,vowel,2,0.06,62.3,311,full,full
er,joke,dZ,oke,stop,2,0.06,66.4,352,part,part
er,junk,dZ,unk,vowel,2,0.05,67.1,373,full,full
er,junk,dZ,unk,stop,1,0.05,65.9,331,full,full
er,junk,dZ,unk,stop,2,0.05,66.4,372,none,none
er,junk,dZ,unk,vowel,1,0.06,66.3,357,full,full
es,chain,tS,ain,stop,1,0.117,69.93,626.93,none,none
es,chain,tS,ain,vowel,2,0.139,68.9,573,none,none
es,chain,tS,ain,vowel,1,0.148,69.6,518.5,none,none
es,chain,tS,ain,stop,2,0.171,67.1,598,none,none
es,char,tS,ar,vowel,2,0.114,67.7,793,none,none
es,char,tS,ar,stop,1,0.136,70.19,841.07,none,none
es,char,tS,ar,stop,2,0.171,69.6,791,none,none
es,char,tS,ar,vowel,1,0.19,68.73,826.5,none,none
es,cheer,tS,eer,stop,2,0.118,64.9,374,none,none
es,cheer,tS,eer,stop,1,0.134,68.68,369.22,none,none
es,cheer,tS,eer,vowel,1,0.136,68.87,334.14,none,none
es,cheer,tS,eer,vowel,2,0.149,70.4,382,none,none
es,chest,tS,est,stop,1,0.124,62.55,856.82,none,none
es,chest,tS,est,vowel,1,0.126,64.8,807.98,none,none
es,chest,tS,est,vowel,2,0.132,67.8,642,none,none
es,chest,tS,est,stop,2,0.149,61.2,704,none,none
es,chin,tS,in,stop,1,0.124,71.72,517.07,none,none
es,chin,tS,in,vowel,1,0.138,69.59,467.76,none,none
es,chin,tS,in,vowel,2,0.14,69.9,513,none,none
es,chin,tS,in,stop,2,0.164,65.7,429,none,none
es,choke,tS,oke,stop,2,0.108,69.7,593,none,none
es,choke,tS,oke,stop,1,0.112,64.37,693.32,none,none
es,choke,tS,oke,vowel,1,0.117,71.29,680.19,none,none
es,choke,tS,oke,vowel,2,0.124,68.1,538,none,none
es,chunk,tS,unk,stop,2,0.099,66.9,825,none,none
es,chunk,tS,unk,vowel,1,0.103,67.8,871.04,none,none
es,chunk,tS,unk,vowel,2,0.116,68.9,914,none,none
es,chunk,tS,unk,stop,1,0.117,70.83,951.02,none,none
es,gin,dZ,in,stop,1,0.078,62.87,401.73,none,none
es,gin,dZ,in,stop,2,0.092,63.9,402,none,part
es,gin,dZ,in,vowel,1,0.093,64.18,391.23,full,none
es,gin,dZ,in,vowel,2,0.095,66.2,388,part,none
es,jane,dZ,ain,vowel,1,0.074,66.3,491.58,full,none
es,jane,dZ,ain,stop,1,0.076,62.37,465.72,full,none
es,jane,dZ,ain,stop,2,0.082,58.9,448,none,none
es,jane,dZ,ain,vowel,2,0.082,65.6,424,full,none
es,jar,dZ,ar,stop,2,0.068,60.2,514,none,none
es,jar,dZ,ar,vowel,1,0.068,64.9,604.93,full,none
es,jar,dZ,ar,stop,1,0.073,67.45,583.51,none,none
es,jar,dZ,ar,vowel,2,0.087,64.8,502,part,none
es,jeer,dZ,eer,vowel,2,0.076,64,350,part,none
es,jeer,dZ,eer,stop,1,0.086,67.16,329.03,none,none
es,jeer,dZ,eer,vowel,1,0.094,64.58,342.7,full,none
es,jeer,dZ,eer,stop,2,0.096,68.9,363,part,none
es,jest,dZ,est,vowel,1,0.068,65.98,548.76,full,none
es,jest,dZ,est,stop,2,0.07,63.7,521,none,none
es,jest,dZ,est,vowel,2,0.084,62.8,422,part,none
es,jest,dZ,est,stop,1,0.101,63.64,546.04,none,full
es,joke,dZ,oke,stop,2,0.063,68.9,434,none,none
es,joke,dZ,oke,vowel,2,0.079,66.8,440,part,none
es,joke,dZ,oke,vowel,1,0.087,67.8,546.71,full,none
es,joke,dZ,oke,stop,1,0.095,68.46,504.41,full,none
es,junk,dZ,unk,vowel,2,0.072,68.7,525,part,none
es,junk,dZ,unk,stop,2,0.081,69.1,523,part,none
es,junk,dZ,unk,vowel,1,0.098,64.13,679.43,full,none
es,junk,dZ,unk,stop,1,0.123,64.43,524.93,full,full
gh,chain,tS,ain,vowel,2,0.108,73.64,470,none,none
gh,chain,tS,ain,vowel,1,0.11,70.3,518,none,part
gh,chain,tS,ain,stop,2,0.11,72.04,464,none,none
gh,chain,tS,ain,stop,1,0.111,70.11,495,none,none
gh,char,tS,ar,vowel,2,0.09,73.53,613,none,none
gh,char,tS,ar,stop,2,0.109,68.88,633,none,none
gh,char,tS,ar,stop,1,0.117,69.15,632,none,part
gh,char,tS,ar,vowel,1,0.123,69.91,703,none,part
gh,cheer,tS,eer,stop,1,0.126,69.77,398,none,none
gh,cheer,tS,eer,vowel,2,0.126,71.29,375,none,none
gh,cheer,tS,eer,vowel,1,0.136,70.01,399,none,none
gh,cheer,tS,eer,stop,2,0.144,71.7,364,none,none
gh,chest,tS,est,stop,2,0.085,71.11,586,none,none
gh,chest,tS,est,vowel,1,0.097,69.74,634,none,none
gh,chest,tS,est,vowel,2,0.1,71.29,647,none,part
gh,chest,tS,est,stop,1,0.111,68.58,640,none,none
gh,chin,tS,in,vowel,2,0.11,72.14,439,none,none
gh,chin,tS,in,vowel,1,0.116,72.08,433,none,part
gh,chin,tS,in,stop,1,0.121,69.54,446,none,none
gh,chin,tS,in,stop,2,0.126,72.23,434,none,none
gh,choke,tS,oke,stop,2,0.097,71.49,419,none,none
gh,choke,tS,oke,stop,1,0.098,70,526,none,none
gh,choke,tS,oke,vowel,1,0.099,70.75,534,none,none
gh,choke,tS,oke,vowel,2,0.107,71.67,504,none,none
gh,chunk,tS,unk,vowel,2,0.093,68.93,714,none,part
gh,chunk,tS,unk,stop,2,0.097,70.93,687,none,none
gh,chunk,tS,unk,stop,1,0.105,71.79,671,none,part
gh,chunk,tS,unk,vowel,1,0.125,68.89,659,none,none
gh,gin,dZ,in,stop,1,0.055,71.27,480,none,none
gh,gin,dZ,in,vowel,1,0.06,69.51,427,none,none
gh,gin,dZ,in,vowel,2,0.062,68.13,411,none,none
gh,gin,dZ,in,stop,2,0.078,68.74,427,none,none
gh,jane,dZ,ain,vowel,2,0.049,66.65,429,none,none
gh,jane,dZ,ain,stop,1,0.054,65.38,426,none,none
gh,jane,dZ,ain,stop,2,0.06,68.14,412,none,none
gh,jane,dZ,ain,vowel,1,0.078,67.41,402,none,none
gh,jar,dZ,ar,vowel,2,0.045,67.94,442,none,none
gh,jar,dZ,ar,stop,1,0.054,67.96,505,none,none
gh,jar,dZ,ar,vowel,1,0.058,67.98,490,none,none
gh,jar,dZ,ar,stop,2,0.058,65.17,505,none,none
gh,jeer,dZ,eer,vowel,2,0.061,68.39,364,none,none
gh,jeer,dZ,eer,stop,2,0.072,69.2,371,none,none
gh,jeer,dZ,eer,vowel,1,0.074,65.01,400,none,none
gh,jeer,dZ,eer,stop,1,0.08,67.01,389,none,none
gh,jest,dZ,est,stop,2,0.035,70.29,475,none,none
gh,jest,dZ,est,vowel,2,0.039,68.98,446,none,none
gh,jest,dZ,est,vowel,1,0.049,66.28,478,none,none
gh,jest,dZ,est,stop,1,0.066,69.81,491,none,none
gh,joke,dZ,oke,vowel,2,0.044,68.88,452,none,none
gh,joke,dZ,oke,stop,1,0.051,67.04,463,none,none
gh,joke,dZ,oke,stop,2,0.055,67.56,399,none,none
gh,joke,dZ,oke,vowel,1,0.068,68.12,473,none,none
gh,junk,dZ,unk,stop,2,0.045,66.84,465,none,none
gh,junk,dZ,unk,vowel,2,0.05,67.82,462,none,none
gh,junk,dZ,unk,vowel,1,0.055,66.2,465,none,none
gh,junk,dZ,unk,stop,1,0.059,67.39,488,none,none
je,chain,tS,ain,stop,1,0.108,61.65,409,none,none
je,chain,tS,ain,vowel,1,0.118,62.07,442,none,none
je,chain,tS,ain,stop,2,0.119,60.69,443,none,none
je,chain,tS,ain,vowel,2,0.142,60.86,487,none,none
je,char,tS,ar,stop,1,0.111,59.43,638,none,none
je,char,tS,ar,vowel,1,0.129,61.98,548,none,none
je,char,tS,ar,vowel,2,0.131,63.09,708,none,none
je,char,tS,ar,stop,2,0.15,58.05,599,none,none
je,cheer,tS,eer,stop,1,0.102,57.77,318,none,none
je,cheer,tS,eer,vowel,1,0.115,62.47,358,none,none
je,cheer,tS,eer,vowel,2,0.122,63.53,364,none,none
je,cheer,tS,eer,stop,2,0.123,62.72,357,none,none
je,chest,tS,est,stop,1,0.108,60.93,592,none,none
je,chest,tS,est,stop,2,0.112,60.28,628,none,none
je,chest,tS,est,vowel,1,0.146,59.39,678,none,none
je,chest,tS,est,vowel,2,0.147,62.77,640,none,none
je,chin,tS,in,stop,1,0.106,60.27,427,none,none
je,chin,tS,in,stop,2,0.114,61.27,401,none,none
je,chin,tS,in,vowel,1,0.118,61.61,430,none,none
je,chin,tS,in,vowel,2,0.126,59.55,459,none,none
je,choke,tS,oke,stop,1,0.096,56.3,494,none,none
je,choke,tS,oke,stop,2,0.103,60.4,487,none,none
je,choke,tS,oke,vowel,1,0.134,59.19,518,none,none
je,choke,tS,oke,vowel,2,0.136,61.38,597,none,none
je,chunk,tS,unk,stop,1,0.109,59.69,540,none,none
je,chunk,tS,unk,vowel,1,0.119,63.86,602,none,none
je,chunk,tS,unk,vowel,2,0.121,60.88,686,none,none
je,chunk,tS,unk,stop,2,0.158,59.07,609,none,none
je,gin,dZ,in,stop,2,0.042,57.89,400,none,none
je,gin,dZ,in,stop,1,0.048,64.44,420,none,none
je,gin,dZ,in,vowel,2,0.051,63.69,426,none,none
je,gin,dZ,in,vowel,1,0.053,69.09,415,none,none
je,jane,dZ,ain,vowel,1,0.049,63.55,410,none,none
je,jane,dZ,ain,stop,1,0.054,60.71,402,none,none
je,jane,dZ,ain,stop,2,0.056,61.78,400,none,none
je,jane,dZ,ain,vowel,2,0.059,62.15,416,none,none
je,jar,dZ,ar,stop,2,0.043,59.84,482,none,none
je,jar,dZ,ar,vowel,1,0.044,59.55,477,none,none
je,jar,dZ,ar,stop,1,0.059,65.3,511,none,none
je,jar,dZ,ar,vowel,2,0.067,64.06,516,none,none
je,jeer,dZ,eer,vowel,2,0.048,63.78,369,none,none
je,jeer,dZ,eer,vowel,1,0.053,58.21,341,none,none
je,jeer,dZ,eer,stop,2,0.054,63.46,361,none,none
je,jeer,dZ,eer,stop,1,0.064,61.9,363,none,none
je,jest,dZ,est,stop,1,0.05,62.45,464,none,none
je,jest,dZ,est,vowel,1,0.056,69.16,469,none,none
je,jest,dZ,est,vowel,2,0.056,63.01,526,none,none
je,jest,dZ,est,stop,2,0.058,61.93,459,none,none
je,joke,dZ,oke,stop,1,0.044,61.22,454,none,none
je,joke,dZ,oke,stop,2,0.051,59.97,459,none,none
je,joke,dZ,oke,vowel,2,0.054,61.7,435,none,none
je,joke,dZ,oke,vowel,1,0.062,61.51,449,none,none
je,junk,dZ,unk,vowel,1,0.044,62.37,483,none,none
je,junk,dZ,unk,vowel,2,0.05,60.02,510,none,none
je,junk,dZ,unk,stop,2,0.054,64.38,484,none,none
je,junk,dZ,unk,stop,1,0.056,63.64,473,none,none
mm,chain,tS,ain,stop,1,0.09,63.5,334,none,none
mm,chain,tS,ain,stop,2,0.095,62.6,346,none,none
mm,chain,tS,ain,vowel,2,0.098,64.5,312,none,none
mm,chain,tS,ain,vowel,1,0.103,67.3,381,none,none
mm,char,tS,ar,stop,1,0.072,62.7,385,none,none
mm,char,tS,ar,stop,2,0.081,60.5,329,none,none
mm,char,tS,ar,vowel,2,0.089,63.8,312,none,none
mm,char,tS,ar,vowel,1,0.095,64.4,381,none,none
mm,cheer,tS,eer,stop,1,0.086,65.6,355,none,none
mm,cheer,tS,eer,vowel,2,0.091,64.7,415,none,none
mm,cheer,tS,eer,stop,2,0.093,61.6,329,none,none
mm,cheer,tS,eer,vowel,1,0.1,66.3,381,none,none
mm,chest,tS,est,vowel,2,0.075,63.4,346,none,none
mm,chest,tS,est,stop,1,0.081,62.2,355,none,none
mm,chest,tS,est,stop,2,0.086,63.8,261,none,none
mm,chest,tS,est,vowel,1,0.089,68.4,375,none,none
mm,chin,tS,in,vowel,1,0.06,66.4,364,none,none
mm,chin,tS,in,stop,2,0.081,61.9,329,none,none
mm,chin,tS,in,vowel,2,0.088,65,347,none,none
mm,chin,tS,in,stop,1,0.09,63.5,365,none,none
mm,choke,tS,oke,stop,1,0.075,64,355,none,none
mm,choke,tS,oke,stop,2,0.076,62.2,364,none,none
mm,choke,tS,oke,vowel,2,0.084,61,312,none,none
mm,choke,tS,oke,vowel,1,0.097,64.5,395,none,none
mm,chunk,tS,unk,vowel,1,0.073,69.2,334,none,none
mm,chunk,tS,unk,stop,2,0.073,61.1,340,none,none
mm,chunk,tS,unk,vowel,2,0.088,62.8,364,none,none
mm,chunk,tS,unk,stop,1,0.1,62.8,395,none,none
mm,gin,dZ,in,stop,2,0.05,59.7,312,none,none
mm,gin,dZ,in,stop,1,0.057,61.6,334,none,none
mm,gin,dZ,in,vowel,2,0.068,59.3,381,none,none
mm,gin,dZ,in,vowel,1,0.072,67.2,313,none,none
mm,jane,dZ,ain,stop,2,0.056,59.8,364,none,none
mm,jane,dZ,ain,stop,1,0.057,60.3,390,none,none
mm,jane,dZ,ain,vowel,1,0.059,69.8,354,none,none
mm,jane,dZ,ain,vowel,2,0.06,62.4,415,none,none
mm,jar,dZ,ar,vowel,1,0.047,65.6,364,none,none
mm,jar,dZ,ar,stop,2,0.051,59.2,312,none,none
mm,jar,dZ,ar,stop,1,0.053,60.6,354,none,none
mm,jar,dZ,ar,vowel,2,0.054,62.7,364,none,none
mm,jeer,dZ,eer,stop,2,0.055,58.9,398,none,none
mm,jeer,dZ,eer,stop,1,0.056,60.2,335,none,none
mm,jeer,dZ,eer,vowel,2,0.065,56.7,398,none,none
mm,jeer,dZ,eer,vowel,1,0.067,60.4,329,none,none
mm,jest,dZ,est,stop,1,0.048,62,363,none,none
mm,jest,dZ,est,stop,2,0.057,62.1,415,none,none
mm,jest,dZ,est,vowel,2,0.057,63.1,381,none,none
mm,jest,dZ,est,vowel,1,0.069,69.2,354,none,none
mm,joke,dZ,oke,stop,2,0.044,57.4,415,none,none
mm,joke,dZ,oke,vowel,1,0.046,60.9,346,none,none
mm,joke,dZ,oke,vowel,2,0.049,60.7,364,none,none
mm,joke,dZ,oke,stop,1,0.055,59.2,390,none,none
mm,junk,dZ,unk,stop,1,0.04,64.3,390,none,none
mm,junk,dZ,unk,stop,2,0.042,61,364,none,none
mm,junk,dZ,unk,vowel,2,0.044,61,329,none,none
mm,junk,dZ,unk,vowel,1,0.048,62.2,398,none,none
my,chain,tS,ain,stop,2,0.104778,61.1,700.7,none,part
my,chain,tS,ain,vowel,2,0.108234,60.62,720,none,part
my,chain,tS,ain,stop,1,0.108927,65.64,720,none,part
my,chain,tS,ain,vowel,1,0.121745,57.35,565.3,full,part
my,char,tS,ar,stop,2,0.078302,62.8,816.3,none,none
my,char,tS,ar,vowel,1,0.083947,59.98,816.7,full,part
my,char,tS,ar,vowel,2,0.103956,62.33,874.8,none,part
my,char,tS,ar,stop,1,0.122951,62.09,855.4,part,part
my,cheer,tS,eer,stop,2,0.084082,60.73,429.9,none,part
my,cheer,tS,eer,vowel,2,0.123348,62.42,449.2,none,none
my,cheer,tS,eer,vowel,1,0.146494,59.99,391.2,full,part
my,cheer,tS,eer,stop,1,0.169198,59.26,429.9,part,part
my,chest,tS,est,stop,2,0.088895,60.07,797.4,none,part
my,chest,tS,est,vowel,2,0.094927,62.29,758.7,none,part
my,chest,tS,est,stop,1,0.098774,59.74,778,part,part
my,chest,tS,est,vowel,1,0.101773,60.96,816.7,none,part
my,chin,tS,in,vowel,2,0.094586,60.34,526.6,none,part
my,chin,tS,in,stop,2,0.107567,66.32,526.6,none,none
my,chin,tS,in,vowel,1,0.114522,61.66,642.7,part,none
my,chin,tS,in,stop,1,0.125816,61.99,642.7,part,part
my,choke,tS,oke,stop,2,0.085353,64.55,656.3,none,part
my,choke,tS,oke,stop,1,0.085383,59.52,584.6,none,part
my,choke,tS,oke,vowel,2,0.104292,63.54,565.3,none,part
my,choke,tS,oke,vowel,1,0.125895,59.93,565.3,full,part
my,chunk,tS,unk,vowel,2,0.089705,64.85,797.4,part,part
my,chunk,tS,unk,stop,2,0.095313,62.09,836.1,none,part
my,chunk,tS,unk,stop,1,0.110277,63.09,836.1,part,none
my,chunk,tS,unk,vowel,1,0.119413,61.4,836.1,part,part
my,gin,dZ,in,vowel,2,0.042792,59.24,410.5,full,full
my,gin,dZ,in,stop,2,0.051118,58.18,487.9,full,part
my,gin,dZ,in,vowel,1,0.067381,58.76,487.9,full,full
my,gin,dZ,in,stop,1,0.074873,58.6,468.6,part,part
my,jane,dZ,ain,stop,2,0.04374,56.46,429.9,full,none
my,jane,dZ,ain,vowel,2,0.046011,57.93,449.2,part,full
my,jane,dZ,ain,vowel,1,0.048618,55.39,446.2,full,full
my,jane,dZ,ain,stop,1,0.070382,57.73,507.3,part,part
my,jar,dZ,ar,stop,2,0.035059,59.71,468.6,part,part
my,jar,dZ,ar,vowel,2,0.041133,58.48,468.6,part,part
my,jar,dZ,ar,stop,1,0.062516,61.29,468.6,full,part
my,jar,dZ,ar,vowel,1,0.071402,54.62,623.3,full,part
my,jeer,dZ,eer,vowel,1,0.050443,53.55,333.2,full,part
my,jeer,dZ,eer,vowel,2,0.050924,55.52,429.9,full,full
my,jeer,dZ,eer,stop,2,0.066998,59.44,391.2,full,full
my,jeer,dZ,eer,stop,1,0.078646,59.95,371.9,full,part
my,jest,dZ,est,vowel,2,0.040887,55.83,507.3,full,part
my,jest,dZ,est,vowel,1,0.044608,58.49,584.6,full,full
my,jest,dZ,est,stop,2,0.050753,59.42,526.6,part,part
my,jest,dZ,est,stop,1,0.058519,58.97,565.3,part,part
my,joke,dZ,oke,vowel,2,0.038475,57.73,487.9,full,part
my,joke,dZ,oke,vowel,1,0.049633,58.29,449.2,full,part
my,joke,dZ,oke,stop,2,0.05063,61.47,526.6,full,part
my,joke,dZ,oke,stop,1,0.095356,55.71,526.6,part,part
my,junk,dZ,unk,vowel,2,0.043458,61.72,526.6,part,part
my,junk,dZ,unk,vowel,1,0.046979,58.25,584.6,full,full
my,junk,dZ,unk,stop,2,0.049291,57.83,545.9,part,part
my,junk,dZ,unk,stop,1,0.079019,56.77,536.6,full,part
vp,chain,tS,ain,stop,2,0.127,70.71,720,none,none
vp,chain,tS,ain,stop,1,0.131,69.59,647.16,none,none
vp,chain,tS,ain,vowel,2,0.134,70.15,713.27,part,none
vp,chain,tS,ain,vowel,1,0.156,69.59,707.68,part,none
vp,char,tS,ar,stop,2,0.123,70.74,816.17,none,none
vp,char,tS,ar,vowel,2,0.126,69.97,782.11,part,none
vp,char,tS,ar,stop,1,0.129,68.92,767.84,none,none
vp,char,tS,ar,vowel,1,0.133,68.97,795.83,part,none
vp,cheer,tS,eer,stop,2,0.124,71.76,413.01,none,none
vp,cheer,tS,eer,vowel,1,0.16,72.98,416.19,part,none
vp,cheer,tS,eer,stop,1,0.16,73.04,417.53,none,none
vp,cheer,tS,eer,vowel,2,0.166,71.26,398.43,part,none
vp,chest,tS,est,stop,2,0.104,69.59,817.28,none,none
vp,chest,tS,est,vowel,2,0.107,70.53,726.66,part,none
vp,chest,tS,est,stop,1,0.109,70.74,787.04,none,none
vp,chest,tS,est,vowel,1,0.125,70.25,807.7,part,none
vp,chin,tS,in,stop,2,0.115,72.94,520.71,none,none
vp,chin,tS,in,stop,1,0.123,73.54,453.46,none,none
vp,chin,tS,in,vowel,1,0.163,72.77,671.17,part,none
vp,chin,tS,in,vowel,2,0.177,72.73,646.84,part,none
vp,choke,tS,oke,stop,1,0.112,70.26,567.26,none,none
vp,choke,tS,oke,vowel,1,0.13,68.05,517.07,part,none
vp,choke,tS,oke,vowel,2,0.133,70.4,594.75,part,none
vp,choke,tS,oke,stop,2,0.133,70.07,599.07,none,none
vp,chunk,tS,unk,stop,1,0.093,68.02,844.22,none,none
vp,chunk,tS,unk,vowel,1,0.109,71.68,796.65,part,none
vp,chunk,tS,unk,stop,2,0.109,70.31,842.03,none,none
vp,chunk,tS,unk,vowel,2,0.145,72.7,853.05,part,none
vp,gin,dZ,in,stop,1,0.069,69.7,396.01,none,none
vp,gin,dZ,in,stop,2,0.071,66.88,402.1,none,none
vp,gin,dZ,in,vowel,1,0.074,70.18,419.67,part,none
vp,gin,dZ,in,vowel,2,0.093,68.02,402.06,part,none
vp,jane,dZ,ain,vowel,2,0.065,66.76,393.52,part,none
vp,jane,dZ,ain,stop,2,0.07,75.31,411.76,none,none
vp,jane,dZ,ain,stop,1,0.074,68.67,435.5,none,none
vp,jane,dZ,ain,vowel,1,0.078,68.43,434.03,part,none
vp,jar,dZ,ar,stop,2,0.05,68.13,502.51,none,none
vp,jar,dZ,ar,stop,1,0.056,68.6,500.1,none,none
vp,jar,dZ,ar,vowel,1,0.062,65.61,493.34,part,none
vp,jar,dZ,ar,vowel,2,0.063,65.15,498.34,part,none
vp,jeer,dZ,eer,stop,2,0.062,71.31,360.29,none,none
vp,jeer,dZ,eer,stop,1,0.076,69.17,376.55,none,none
vp,jeer,dZ,eer,vowel,1,0.081,68.44,368.82,part,none
vp,jeer,dZ,eer,vowel,2,0.088,67.11,334.74,part,none
vp,jest,dZ,est,vowel,1,0.058,67.79,468.48,part,none
vp,jest,dZ,est,vowel,2,0.059,68,488.46,part,none
vp,jest,dZ,est,stop,1,0.067,64.46,511.76,none,none
vp,jest,dZ,est,stop,2,0.073,67.96,508.58,none,none
vp,joke,dZ,oke,stop,2,0.053,68.33,448.02,none,none
vp,joke,dZ,oke,stop,1,0.059,69.43,461.23,none,none
vp,joke,dZ,oke,vowel,1,0.078,66.33,487.59,part,none
vp,joke,dZ,oke,vowel,2,0.081,66.16,481.33,part,none
vp,junk,dZ,unk,vowel,2,0.054,69.23,558.04,part,none
vp,junk,dZ,unk,stop,2,0.066,67.48,512.76,none,none
vp,junk,dZ,unk,vowel,1,0.067,70.65,590.3,part,none
vp,junk,dZ,unk,stop,1,0.069,71.08,490.56,none,none
yg,chain,tS,ain,vowel,1,0.088114898,60.55139801,325.6859171,none,none
yg,chain,tS,ain,vowel,2,0.089029635,61.7231202,392.7037582,none,none
yg,chain,tS,ain,stop,2,0.091774138,58.09560641,382.5136219,none,none
yg,chain,tS,ain,stop,1,0.101822494,60.99654606,420.3539113,none,none
yg,char,tS,ar,stop,1,0.095411448,59.36689037,914.3157126,none,none
yg,char,tS,ar,vowel,2,0.105716829,60.83779585,651.8197719,none,none
yg,char,tS,ar,vowel,1,0.121199875,57.00354369,770.3078782,none,none
yg,char,tS,ar,stop,2,0.127236983,57.55855187,759.2813114,none,none
yg,cheer,tS,eer,vowel,1,0.094336039,60.76186038,373.3698935,none,none
yg,cheer,tS,eer,vowel,2,0.116817874,60.48000636,348.1768044,none,none
yg,cheer,tS,eer,stop,1,0.125291502,61.16776497,349.678124,none,none
yg,cheer,tS,eer,stop,2,0.135819193,60.2094907,322.8337337,none,none
yg,chest,tS,est,stop,1,0.088843269,57.41823534,898.2776503,none,none
yg,chest,tS,est,stop,2,0.101864395,55.85333484,887.5848797,none,none
yg,chest,tS,est,vowel,2,0.10581028,51.98713759,862.7312974,none,none
yg,chest,tS,est,vowel,1,0.107883399,59.5405784,751.4864219,none,none
yg,chin,tS,in,stop,2,0.09887205,59.64561122,364.2616082,none,none
yg,chin,tS,in,vowel,2,0.10793509,61.04734592,448.7724673,none,none
yg,chin,tS,in,stop,1,0.126934669,60.38015386,473.9858257,none,none
yg,chin,tS,in,vowel,1,0.136240969,61.15535864,409.520749,none,none
yg,choke,tS,oke,vowel,2,0.076688282,58.42283755,295.5156134,none,none
yg,choke,tS,oke,stop,1,0.10391237,60.11462728,305.8501873,none,none
yg,choke,tS,oke,stop,2,0.105788878,57.46395041,370.4535722,none,none
yg,choke,tS,oke,vowel,1,0.113997084,57.5288277,416.6949678,none,none
yg,junk,dZ,unk,stop,1,0.04529682,56.37558216,496.2647639,none,none
yg,chunk,tS,unk,vowel,2,0.075869722,59.12411368,580.2657367,none,none
yg,chunk,tS,unk,stop,1,0.084672498,55.31468569,967.1351676,none,none
yg,chunk,tS,unk,stop,2,0.107017877,60.18409263,849.7898383,none,none
yg,chunk,tS,unk,vowel,1,0.132356779,64.86422469,412.3924416,none,none
yg,gin,dZ,in,vowel,2,0.046636478,55.08651726,370.6186399,none,none
yg,gin,dZ,in,stop,1,0.051854048,57.56020097,395.5694132,none,none
yg,gin,dZ,in,vowel,1,0.05698206,59.68953281,407.1465133,part,none
yg,gin,dZ,in,stop,2,0.058564457,55.3468487,375.3885257,part,none
yg,jane,dZ,ain,stop,1,0,58.44814748,368.96393,none,full
yg,jane,dZ,ain,vowel,2,0.033200763,54.7911619,417.6968242,none,none
yg,jane,dZ,ain,vowel,1,0.041314727,59.04402029,455.052221,part,none
yg,jane,dZ,ain,stop,2,0.056033413,56.86252177,386.7505599,part,none
yg,jar,dZ,ar,vowel,2,0.037118401,56.18448372,463.6733076,none,none
yg,jar,dZ,ar,stop,1,0.045043434,54.98616256,519.4047763,none,none
yg,jar,dZ,ar,vowel,1,0.047126404,58.43880042,505.6782599,part,none
yg,jar,dZ,ar,stop,2,0.055839286,54.7886208,467.7817298,none,none
yg,jeer,dZ,eer,stop,1,0,56.82008051,371.1115488,part,full
yg,jeer,dZ,eer,vowel,1,0.038083478,47.53157643,331.4664452,part,none
yg,jeer,dZ,eer,vowel,2,0.057404774,60.90970115,321.853488,full,none
yg,jeer,dZ,eer,stop,2,0.061920732,56.31820177,310.8749289,part,none
yg,jest,dZ,est,vowel,1,0.027941372,60.84642222,546.4016288,part,none
yg,jest,dZ,est,vowel,2,0.029180297,59.10081811,533.7475806,none,none
yg,jest,dZ,est,stop,1,0.034801215,57.42110785,477.9580955,none,none
yg,jest,dZ,est,stop,2,0.037303374,56.2527753,472.5600988,none,none
yg,joke,dZ,oke,vowel,1,0.036399627,52.94359434,371.8989001,part,none
yg,joke,dZ,oke,vowel,2,0.045918028,54.1630644,477.4023521,none,none
yg,joke,dZ,oke,stop,1,0.047826941,55.25828759,402.3026861,part,none
yg,joke,dZ,oke,stop,2,0.050804548,57.63209101,386.517934,none,none
yg,junk,dZ,unk,vowel,2,0.037660339,55.0221438,459.5140625,part,none
yg,junk,dZ,unk,stop,2,0.039203276,57.1957845,445.6904654,none,none
yg,junk,dZ,unk,vowel,1,0.045159653,55.6139356,462.0717342,full,none
